domain,robots,c0,m0,c1,m1,c2,m2,c3,m3,first makespan,first plan time,best makespan,best plan time,timeout
d_macro_actions,3,0,0,1,1,1,2,1,1,853.4947,3.178122,839.3222,3.2612,10.587486
d_macro_actions,2,1,0,1,0,0,0,1,2,831.9342,6.477153,802.7307,7.359208,10.589991
d_macro_actions,3,0,0,0,0,1,3,2,3,INF,0,INF,0,30.86005
d_macro_actions,3,0,0,2,3,1,1,0,0,974.1784,27.737784,974.1784,27.737784,27.73905
d_macro_actions,1,0,0,1,1,1,2,1,3,INF,0,INF,0,30.856068
d_macro_actions,3,0,0,0,0,0,0,2,6,INF,0,INF,0,30.880041
d_macro_actions,1,1,0,1,2,1,3,0,0,INF,0,INF,0,30.674461
d_macro_actions,2,0,0,1,1,0,0,2,4,1001.4125,12.25988,1001.4125,12.25988,12.260983
d_macro_actions,1,0,0,1,0,0,0,2,5,INF,0,INF,0,30.334511
d_macro_actions,1,1,0,1,0,0,0,1,1,1045.0674,1.741307,933.0969,7.359527,10.624079
d_macro_actions,2,0,0,0,0,1,3,0,0,520.4891,0.472983,447.4866,1.219168,10.381024
d_macro_actions,3,0,0,0,0,1,0,2,6,1269.6672,8.888038,1247.0159,10.967244,11.115091
d_macro_actions,3,1,0,1,2,1,1,0,0,894.6384,7.84694,836.0973,9.02006,10.143485
d_macro_actions,1,0,0,1,2,2,2,0,0,1292.2099,18.280866,1292.2099,18.280866,18.282528
d_macro_actions,2,2,0,1,1,0,0,0,0,625.0882,5.899688,583.1717,9.326808,10.507134
d_macro_actions,1,1,0,1,2,0,0,1,2,1240.2648,1.466162,1137.267,7.542051,10.697681
d_macro_actions,2,0,0,1,0,1,0,0,0,487.9067,0.552627,467.3864,6.650461,10.342892
d_macro_actions,1,0,0,1,0,0,0,2,4,INF,0,INF,0,30.274101
d_macro_actions,2,0,0,1,0,0,0,2,5,INF,0,INF,0,30.692811
d_macro_actions,1,0,0,1,0,1,0,0,0,676.3201,0.241517,610.5759,2.834645,10.641021
d_macro_actions,1,0,0,1,0,1,3,1,1,INF,0,INF,0,30.444676
d_macro_actions,2,1,0,0,0,2,2,0,0,INF,0,INF,0,31.071174
d_macro_actions,2,0,0,0,0,3,6,0,0,1114.4104,12.02032,1114.4104,12.02032,12.02133
d_macro_actions,3,1,0,2,0,0,0,0,0,INF,0,INF,0,30.760418
d_macro_actions,1,0,0,0,0,2,3,1,2,INF,0,INF,0,30.54547
d_macro_actions,2,0,0,2,1,1,0,0,0,776.7484,1.97718,734.3903,2.180493,10.235885
d_macro_actions,1,0,0,0,0,2,2,0,0,734.87,1.566081,698.4953,3.471745,10.401528
d_macro_actions,3,0,0,0,0,1,2,1,2,750.9975,7.898107,750.9975,7.898107,10.307398
d_macro_actions,1,0,0,0,0,2,1,0,0,717.3165,0.3688,664.1922,0.486647,10.305384
d_macro_actions,3,1,0,0,0,1,1,1,2,987.9333,15.198893,987.9333,15.198893,15.199869
d_macro_actions,1,0,0,0,0,2,1,1,1,INF,0,INF,0,30.178553
d_macro_actions,2,1,0,0,0,1,1,1,3,INF,0,INF,0,30.11876
d_macro_actions,3,1,0,0,0,1,1,1,3,862.6784,6.555405,850.6928,6.630613,10.892375
d_macro_actions,1,0,0,1,2,0,0,0,0,433.5999,0.132305,379.015,1.548902,10.818441
d_macro_actions,3,0,0,2,2,0,0,1,1,INF,0,INF,0,30.309414
d_macro_actions,1,0,0,0,0,1,0,1,2,837.4782,2.47194,703.8735,5.344561,10.443738
d_macro_actions,1,0,0,0,0,1,2,2,6,INF,0,INF,0,30.310001
d_macro_actions,1,1,0,0,0,1,0,0,0,630.3914,0.394749,569.124,0.915919,10.533389
d_macro_actions,3,0,0,2,2,1,2,0,0,1129.4458,3.333544,1078.6063,6.393391,10.200363
d_macro_actions,3,0,0,0,0,1,1,0,0,256.8369,0.316341,254.1553,0.757253,10.516225
d_macro_actions,3,0,0,1,1,2,1,0,0,736.6646,9.172098,724.679,9.258697,10.944474
d_macro_actions,1,1,0,2,1,0,0,0,0,886.9663,1.603784,833.842,2.078614,10.759941
d_macro_actions,2,0,0,1,0,1,2,1,3,INF,0,INF,0,31.045494
d_macro_actions,2,0,0,1,2,1,2,0,0,739.5195,5.281182,646.2305,9.716778,10.333487
d_macro_actions,2,0,0,1,1,1,2,1,3,964.6486,6.940653,961.225,6.953881,10.145215
d_macro_actions,3,2,0,1,2,0,0,0,0,729.5399,6.395632,656.2923,7.751301,10.399228
d_macro_actions,3,0,0,0,0,3,2,0,0,INF,0,INF,0,30.856417
d_macro_actions,2,0,0,1,0,2,6,0,0,982.7609,19.811757,982.7609,19.811757,19.812874
d_macro_actions,1,2,0,0,0,1,1,0,0,INF,0,INF,0,30.478965
d_macro_actions,1,0,0,0,0,0,0,1,3,544.4751,0.298665,466.9885,3.562846,10.791256
d_macro_actions,2,1,0,0,0,0,0,1,3,INF,0,INF,0,31.017415
d_macro_actions,2,1,0,0,0,0,0,2,4,INF,0,INF,0,31.127659
d_macro_actions,3,1,0,2,4,0,0,0,0,1075.226,7.53118,1074.226,8.151071,10.206611
d_macro_actions,1,0,0,1,2,0,0,1,3,999.3024,1.083957,949.5499,2.120577,10.509343
d_macro_actions,1,0,0,0,0,2,4,1,3,INF,0,INF,0,30.682812
d_macro_actions,1,1,0,0,0,0,0,2,6,INF,0,INF,0,30.608095
d_macro_actions,3,2,0,1,0,0,0,0,0,INF,0,INF,0,30.247925
d_macro_actions,2,0,0,2,2,0,0,1,1,925.2081,11.984947,925.2081,11.984947,11.986081
d_macro_actions,3,1,0,1,0,1,3,0,0,INF,0,INF,0,30.526819
d_macro_actions,3,2,0,0,0,1,0,0,0,INF,0,INF,0,31.045349
d_macro_actions,3,1,0,1,0,1,0,0,0,INF,0,INF,0,30.740594
d_macro_actions,1,1,0,1,0,1,1,0,0,1028.0796,1.493309,954.9714,1.526071,10.44206
d_macro_actions,3,1,0,2,3,0,0,0,0,INF,0,INF,0,30.284122
d_macro_actions,2,0,0,0,0,2,4,1,2,INF,0,INF,0,30.169503
d_macro_actions,3,1,0,0,0,0,0,1,2,INF,0,INF,0,31.012286
d_macro_actions,2,0,0,0,0,1,1,2,6,INF,0,INF,0,30.217648
d_macro_actions,3,0,0,1,1,1,2,0,0,698.0163,3.052958,591.8782,6.444038,10.604363
d_macro_actions,3,0,0,1,1,1,1,1,1,762.0214,3.229675,759.4656,8.653608,10.180621
d_macro_actions,1,0,0,0,0,0,0,3,4,INF,0,INF,0,30.353782
d_macro_actions,1,2,0,0,0,1,2,0,0,INF,0,INF,0,30.77682
d_macro_actions,3,0,0,0,0,1,3,1,3,807.0008,8.533521,791.5768,8.734603,11.019822
d_macro_actions,3,1,0,0,0,1,2,1,1,918.8919,7.133832,814.4396,10.388547,10.404363
d_macro_actions,2,1,0,0,0,2,3,0,0,INF,0,INF,0,31.116347
d_macro_actions,2,0,0,0,0,2,2,1,1,INF,0,INF,0,30.289822
d_macro_actions,3,0,0,1,0,1,1,1,3,INF,0,INF,0,31.016369
d_macro_actions,2,0,0,2,0,1,0,0,0,INF,0,INF,0,30.319457
d_macro_actions,2,1,0,2,0,0,0,0,0,INF,0,INF,0,30.499625
d_macro_actions,2,0,0,0,0,3,5,0,0,INF,0,INF,0,30.289171
d_macro_actions,3,0,0,2,4,0,0,1,2,INF,0,INF,0,30.10278
d_macro_actions,3,0,0,3,0,0,0,0,0,651.6709,4.807394,636.4348,9.63493,11.02183
d_macro_actions,3,0,0,2,0,0,0,0,0,494.7124,1.824587,378.7551,6.865375,10.290446
d_macro_actions,1,1,0,0,0,1,1,1,1,1102.4183,1.059985,1000.1874,2.202914,10.671524
d_macro_actions,1,0,0,0,0,2,2,1,3,INF,0,INF,0,30.420156
d_macro_actions,3,1,0,0,0,2,0,0,0,INF,0,INF,0,30.879913
d_macro_actions,1,0,0,0,0,1,1,0,0,396.4679,0.125422,318.9813,0.941985,10.372278
d_macro_actions,2,1,0,1,2,1,2,0,0,INF,0,INF,0,30.378753
d_macro_actions,1,0,0,2,3,0,0,0,0,798.1562,0.263479,743.0954,2.201414,10.404062
d_macro_actions,2,1,0,1,1,0,0,0,0,550.9861,0.487399,344.3963,2.516174,10.255253
d_macro_actions,2,0,0,0,0,2,6,1,3,INF,0,INF,0,30.1693
d_macro_actions,1,0,0,0,0,2,4,0,0,926.5983,1.30401,860.8541,4.278618,10.435184
d_macro_actions,2,2,0,0,0,0,0,1,2,INF,0,INF,0,30.229691
d_macro_actions,3,0,0,2,4,0,0,0,0,824.4636,2.164094,605.0506,10.410118,10.999833
d_macro_actions,1,0,0,0,0,1,1,2,4,INF,0,INF,0,30.598798
d_macro_actions,1,1,0,0,0,2,5,0,0,1281.9602,14.418368,1281.9602,14.418368,14.419331
d_macro_actions,3,1,0,0,0,1,0,0,0,417.8925,5.647405,366.6519,8.371687,10.998809
d_macro_actions,1,1,0,0,0,1,1,0,0,655.7567,0.196528,613.8137,1.145048,10.545862
d_macro_actions,3,0,0,1,2,1,0,0,0,INF,0,INF,0,30.842093
d_macro_actions,2,0,0,0,0,0,0,3,7,INF,0,INF,0,30.740314
d_macro_actions,3,0,0,1,0,1,3,0,0,INF,0,INF,0,30.236642
d_macro_actions,2,0,0,0,0,0,0,1,2,338.0359,3.871013,322.4076,7.909198,10.511677
d_macro_actions,2,0,0,0,0,0,0,2,5,864.9044,1.611567,819.9225,6.297632,10.204952
d_macro_actions,2,0,0,1,0,1,3,0,0,730.0076,2.097301,730.0076,2.097301,10.398752
d_macro_actions,1,0,0,3,5,0,0,0,0,1172.318,3.014038,1076.7555,4.242749,10.750323
d_macro_actions,2,1,0,0,0,0,0,1,2,602.4691,3.135483,599.4691,4.747843,10.230813
d_macro_actions,1,1,0,1,2,0,0,1,3,INF,0,INF,0,30.365464
d_macro_actions,1,0,0,0,0,3,6,0,0,INF,0,INF,0,30.627211
d_macro_actions,2,0,0,0,0,1,0,1,1,894.597,0.968748,577.6862,7.105735,10.551001
d_macro_actions,3,0,0,2,1,1,1,0,0,911.9756,13.450536,911.9756,13.450536,13.45183
d_macro_actions,1,1,0,1,1,0,0,1,2,1093.3708,25.683922,1093.3708,25.683922,25.684916
d_macro_actions,3,1,0,1,2,0,0,1,3,INF,0,INF,0,30.30123
d_macro_actions,1,1,0,1,0,0,0,1,2,1117.1468,20.988358,1117.1468,20.988358,20.989272
d_macro_actions,3,1,0,0,0,1,1,1,1,INF,0,INF,0,30.166007
d_macro_actions,3,0,0,1,0,0,0,1,1,528.5323,0.708866,475.9457,1.880228,10.250246
d_macro_actions,3,0,0,0,0,2,2,0,0,481.8553,1.327228,444.5476,2.116105,10.120602
d_macro_actions,1,0,0,0,0,1,0,1,3,1014.497,1.160315,894.5487,5.212032,10.3339
d_macro_actions,2,0,0,2,3,0,0,1,3,INF,0,INF,0,30.182895
d_macro_actions,3,1,0,0,0,0,0,2,3,INF,0,INF,0,31.047089
d_macro_actions,2,1,0,0,0,0,0,2,5,INF,0,INF,0,30.207377
d_macro_actions,1,0,0,0,0,1,2,0,0,550.6417,0.188426,408.8534,1.393101,10.654773
d_macro_actions,2,0,0,1,0,2,2,0,0,INF,0,INF,0,30.5292
d_macro_actions,2,0,0,0,0,1,1,0,0,310.6057,0.188007,230.7453,7.074732,10.231074
d_macro_actions,3,0,0,0,0,1,3,1,1,INF,0,INF,0,31.170857
d_macro_actions,3,0,0,0,0,1,1,1,2,INF,0,INF,0,31.107311
d_macro_actions,1,0,0,1,0,2,4,0,0,INF,0,INF,0,30.342606
d_macro_actions,2,0,0,2,3,0,0,1,1,1035.546,22.889805,1035.546,22.889805,22.890871
d_macro_actions,1,0,0,0,0,2,0,1,3,INF,0,INF,0,30.442513
d_macro_actions,2,0,0,1,0,0,0,2,6,INF,0,INF,0,30.128948
d_macro_actions,1,1,0,0,0,1,2,1,2,INF,0,INF,0,30.482165
d_macro_actions,1,0,0,1,2,1,1,0,0,864.1004,0.368512,805.9162,4.651948,10.531404
d_macro_actions,2,1,0,0,0,1,3,0,0,INF,0,INF,0,30.572794
d_macro_actions,1,0,0,2,0,1,0,0,0,INF,0,INF,0,30.691218
d_macro_actions,1,0,0,2,2,1,0,0,0,1114.6749,2.680596,1020.1591,5.049265,10.536082
d_macro_actions,3,0,0,0,0,0,0,2,3,856.3393,3.364303,832.3044,8.979064,10.144544
d_macro_actions,2,0,0,1,1,1,3,1,3,955.2133,14.419558,955.2133,14.419558,14.42065
d_macro_actions,2,0,0,1,2,0,0,0,0,448.8977,1.242212,266.727,6.179513,10.44071
d_macro_actions,3,1,0,0,0,2,6,0,0,954.4471,14.575115,954.4471,14.575115,14.576283
d_macro_actions,1,0,0,0,0,1,3,0,0,590.1341,0.199456,449.9569,1.306772,10.975943
d_macro_actions,2,0,0,0,0,3,7,0,0,1119.3159,20.151218,1119.3159,20.151218,20.152732
d_macro_actions,1,0,0,1,1,0,0,1,1,861.677,0.908106,819.546,1.725314,10.975631
d_macro_actions,3,0,0,1,0,1,0,0,0,488.1401,5.236252,443.8154,10.24516,10.565472
d_macro_actions,2,0,0,1,0,1,0,1,2,INF,0,INF,0,30.561012
d_macro_actions,1,0,0,0,0,0,0,1,1,407.416,0.174403,358.5116,0.461856,10.578082
d_macro_actions,2,1,0,1,1,0,0,1,1,757.0981,2.120611,745.1125,4.453524,10.230516
d_macro_actions,1,0,0,2,0,1,3,0,0,1170.5392,12.039203,1170.5392,12.039203,12.040197
d_macro_actions,3,0,0,0,0,2,4,1,1,INF,0,INF,0,31.04435
d_macro_actions,2,1,0,2,1,0,0,0,0,896.1735,2.87303,784.203,10.341974,10.687511
d_macro_actions,1,1,0,0,0,1,0,1,3,1206.3197,28.02702,1206.3197,28.02702,28.027988
d_macro_actions,1,0,0,0,0,1,1,2,5,INF,0,INF,0,30.858972
d_macro_actions,1,0,0,1,0,1,2,0,0,832.9495,1.56191,732.9372,5.629913,10.682624
d_macro_actions,1,0,0,2,3,1,3,0,0,1278.9094,2.85867,1230.2632,4.422274,10.574214
d_macro_actions,3,0,0,1,2,0,0,1,2,796.0236,6.257456,784.4135,6.47536,10.517784
d_macro_actions,3,0,0,0,0,2,1,0,0,660.0899,0.789849,438.9028,9.563597,11.107256
d_macro_actions,2,0,0,1,1,1,1,0,0,490.263,0.579026,426.2549,8.129036,10.171264
d_macro_actions,3,0,0,1,0,1,2,0,0,717.269,1.574129,678.9214,9.862534,10.225872
d_macro_actions,2,0,0,0,0,1,0,2,4,979.9445,9.510722,954.8529,10.252697,10.871882
d_macro_actions,1,1,0,1,2,0,0,0,0,718.7733,0.347961,676.3654,0.627589,10.687043
d_macro_actions,3,1,0,0,0,0,0,2,6,INF,0,INF,0,30.95099
d_macro_actions,1,0,0,1,1,0,0,1,3,1029.929,1.233526,901.7368,4.328023,10.673762
d_macro_actions,3,0,0,1,0,0,0,2,6,1056.0183,25.17014,1056.0183,25.17014,25.172059
d_macro_actions,2,0,0,0,0,0,0,1,1,363.6701,0.394676,283.7892,9.37362,10.574291
d_macro_actions,2,0,0,2,3,0,0,0,0,625.5809,1.986073,520.369,9.252901,10.325935
d_macro_actions,1,1,0,0,0,0,0,1,3,780.2165,1.091083,738.2735,1.6498,10.512762
d_macro_actions,2,0,0,0,0,0,0,2,2,581.533,0.472476,533.8547,7.737161,10.175679
d_macro_actions,3,0,0,0,0,3,3,0,0,INF,0,INF,0,31.061752
d_macro_actions,1,0,0,0,0,0,0,3,9,INF,0,INF,0,30.272664
d_macro_actions,3,0,0,1,1,0,0,2,3,INF,0,INF,0,30.817429
d_macro_actions,1,0,0,0,0,2,0,1,2,INF,0,INF,0,30.293229
d_macro_actions,2,0,0,0,0,0,0,1,3,489.1178,0.464075,384.6568,5.05492,10.541403
d_macro_actions,2,0,0,0,0,0,0,3,4,1052.0501,21.218979,1052.0501,21.218979,21.220161
d_macro_actions,2,0,0,0,0,2,3,1,2,INF,0,INF,0,30.159647
d_macro_actions,1,0,0,0,0,2,0,0,0,714.1415,0.420117,648.3973,2.870938,10.532074
d_macro_actions,2,0,0,2,2,1,1,0,0,INF,0,INF,0,30.18892
d_macro_actions,2,0,0,1,2,2,3,0,0,949.6498,12.154086,949.6498,12.154086,12.1555
d_macro_actions,3,3,0,0,0,0,0,0,0,INF,0,INF,0,30.535951
d_macro_actions,3,0,0,0,0,0,0,3,8,INF,0,INF,0,30.60844
d_macro_actions,2,0,0,0,0,1,2,0,0,449.6126,1.948359,302.163,2.916688,10.175596
d_macro_actions,1,0,0,0,0,0,0,1,2,472.0233,0.438197,447.8693,0.81251,10.851009
d_macro_actions,3,2,0,0,0,0,0,1,2,INF,0,INF,0,31.088932
d_macro_actions,2,0,0,1,1,0,0,1,3,879.3305,3.812231,813.7401,9.28341,10.787073
d_macro_actions,1,1,0,1,2,1,2,0,0,1148.4713,1.480652,1082.8809,6.875702,10.657196
d_macro_actions,1,1,0,0,0,2,1,0,0,1016.3328,8.445134,990.5672,8.889739,10.41879
d_macro_actions,1,0,0,2,4,0,0,0,0,821.3608,12.351378,821.3608,12.351378,12.35216
d_macro_actions,2,0,0,2,0,0,0,1,3,873.7524,15.259735,873.7524,15.259735,15.261114
d_macro_actions,3,0,0,1,0,1,2,1,2,INF,0,INF,0,31.165828
d_macro_actions,2,1,0,1,0,0,0,1,1,INF,0,INF,0,30.711749
d_macro_actions,1,0,0,3,3,0,0,0,0,1116.3459,14.14644,1116.3459,14.14644,14.147474
d_macro_actions,1,0,0,1,1,1,2,1,1,INF,0,INF,0,30.708624
d_macro_actions,2,0,0,0,0,3,3,0,0,INF,0,INF,0,30.395131
d_macro_actions,1,2,0,1,0,0,0,0,0,867.726,1.424926,791.2315,1.474598,10.622778
d_macro_actions,3,2,0,1,1,0,0,0,0,706.3487,3.880187,624.3505,6.701913,10.235817
d_macro_actions,1,2,0,1,1,0,0,0,0,862.7833,1.391893,780.451,5.001563,10.628546
d_macro_actions,3,0,0,1,1,0,0,0,0,254.5905,0.12489,200.5211,9.542458,10.277217
d_macro_actions,1,0,0,0,0,3,4,0,0,INF,0,INF,0,30.62018
d_macro_actions,3,1,0,1,0,0,0,1,1,662.0023,9.799211,662.0023,9.799211,10.182252
d_macro_actions,2,0,0,0,0,1,3,2,6,INF,0,INF,0,30.454183
d_macro_actions,2,0,0,0,0,2,3,0,0,704.0134,7.918231,704.0134,7.918231,10.280523
d_macro_actions,1,0,0,1,0,2,1,0,0,INF,0,INF,0,30.496565
d_macro_actions,3,0,0,1,2,0,0,2,3,INF,0,INF,0,30.143761
d_macro_actions,1,0,0,1,1,0,0,2,6,INF,0,INF,0,30.193184
d_macro_actions,3,0,0,0,0,2,0,0,0,462.8481,6.77567,449.5868,8.379052,11.129418
d_macro_actions,3,0,0,1,2,2,2,0,0,INF,0,INF,0,31.015003
d_macro_actions,2,1,0,0,0,1,0,0,0,464.9571,0.265256,355.9984,3.401171,10.35075
d_macro_actions,3,1,0,1,2,1,3,0,0,INF,0,INF,0,30.233235
d_macro_actions,1,0,0,0,0,3,7,0,0,INF,0,INF,0,30.675214
d_macro_actions,3,0,0,2,0,1,2,0,0,INF,0,INF,0,30.48516
d_macro_actions,1,0,0,1,0,1,1,1,3,INF,0,INF,0,30.549966
d_macro_actions,1,1,0,1,0,1,0,0,0,873.3232,0.92605,834.9047,6.382929,10.42871
d_macro_actions,3,0,0,0,0,0,0,3,4,INF,0,INF,0,30.990214
d_macro_actions,3,1,0,0,0,1,2,0,0,509.0517,1.305279,464.4763,1.772808,10.425407
d_macro_actions,1,0,0,1,1,1,0,1,2,INF,0,INF,0,30.581354
d_macro_actions,3,0,0,3,4,0,0,0,0,INF,0,INF,0,30.26796
d_macro_actions,2,0,0,0,0,3,4,0,0,905.4282,6.627247,891.1669,6.858283,10.217373
d_macro_actions,1,0,0,1,2,1,1,1,1,INF,0,INF,0,30.179422
d_macro_actions,3,0,0,1,0,0,0,1,2,INF,0,INF,0,30.934987
d_macro_actions,2,0,0,0,0,1,3,2,4,INF,0,INF,0,30.973922
d_macro_actions,2,2,0,1,0,0,0,0,0,581.7343,2.840923,507.7953,3.582405,10.648947
d_macro_actions,2,0,0,1,1,2,4,0,0,INF,0,INF,0,30.901292
d_macro_actions,1,1,0,1,0,1,2,0,0,1117.6855,26.151479,1117.6855,26.151479,26.152367
d_macro_actions,2,0,0,0,0,1,0,0,0,286.8271,0.156878,210.4897,2.761152,10.900863
d_macro_actions,3,0,0,0,0,3,7,0,0,INF,0,INF,0,30.155067
d_macro_actions,1,1,0,0,0,0,0,2,3,1268.3075,11.898059,1268.3075,11.898059,11.899246
d_macro_actions,1,0,0,1,1,0,0,2,2,INF,0,INF,0,31.001123
d_macro_actions,2,0,0,0,0,1,2,2,3,INF,0,INF,0,30.239645
d_macro_actions,2,0,0,0,0,1,2,2,5,INF,0,INF,0,30.330019
d_macro_actions,1,0,0,0,0,0,0,3,3,INF,0,INF,0,30.188249
d_macro_actions,1,0,0,1,2,0,0,2,6,INF,0,INF,0,30.768635
d_macro_actions,2,0,0,2,0,1,1,0,0,INF,0,INF,0,30.238153
d_macro_actions,3,2,0,0,0,0,0,1,1,718.5818,13.009444,718.5818,13.009444,13.010561
d_macro_actions,2,0,0,1,1,0,0,1,2,767.4199,2.015637,714.2956,4.456078,11.073948
d_macro_actions,3,0,0,1,0,2,3,0,0,856.0997,12.0123,856.0997,12.0123,12.013588
d_macro_actions,1,0,0,0,0,2,3,1,3,INF,0,INF,0,30.378589
d_macro_actions,2,0,0,1,1,2,2,0,0,1095.37,7.046333,1070.8019,8.059147,10.580522
d_macro_actions,1,1,0,0,0,0,0,1,1,689.2291,1.040113,647.2861,4.655906,10.632907
d_macro_actions,1,0,0,0,0,1,3,1,1,911.7161,1.132869,845.9389,2.221077,10.563738
d_macro_actions,1,1,0,0,0,1,2,0,0,752.1325,0.615559,709.7246,1.03771,10.634425
d_macro_actions,3,1,0,0,0,0,0,2,4,INF,0,INF,0,30.402259
d_macro_actions,3,0,0,0,0,0,0,2,4,863.8586,4.318454,788.3178,8.428798,10.149307
d_macro_actions,1,1,0,2,0,0,0,0,0,847.1602,0.846544,800.5656,6.097812,10.411057
d_macro_actions,2,0,0,1,2,0,0,2,4,INF,0,INF,0,30.243769
d_macro_actions,2,0,0,1,2,1,1,1,3,INF,0,INF,0,30.27491
d_macro_actions,3,0,0,0,0,3,4,0,0,INF,0,INF,0,30.33371
d_macro_actions,2,0,0,1,1,1,2,0,0,602.9971,1.839464,524.7184,8.221845,10.591872
d_macro_actions,2,1,0,1,2,1,3,0,0,987.6468,2.346438,889.5172,8.219464,10.190881
d_macro_actions,3,0,0,1,1,1,0,1,2,1034.2066,8.055366,1002.682,9.446951,10.805457
d_macro_actions,1,1,0,0,0,0,0,0,0,364.9957,0.054551,291.8875,0.057887,9.528891
d_macro_actions,3,1,0,0,0,2,4,0,0,826.0409,11.043555,826.0409,11.043555,11.044934
d_macro_actions,3,1,0,1,1,0,0,1,3,901.6946,5.929967,843.9048,6.413099,10.555015
d_macro_actions,1,0,0,0,0,3,5,0,0,INF,0,INF,0,30.506582
d_macro_actions,3,1,0,1,0,0,0,0,0,339.599,0.365513,272.3781,0.849043,10.212212
d_macro_actions,1,0,0,1,1,0,0,2,5,INF,0,INF,0,30.427521
d_macro_actions,1,0,0,0,0,1,1,1,3,1002.9057,1.895317,958.0509,3.60072,10.238652
d_macro_actions,2,0,0,2,4,0,0,0,0,INF,0,INF,0,30.257805
d_macro_actions,2,0,0,1,0,1,2,0,0,518.6462,2.392462,513.9299,3.501242,10.190061
d_macro_actions,1,0,0,0,0,1,0,2,6,INF,0,INF,0,30.55525
d_macro_actions,2,0,0,1,2,0,0,1,3,775.29,5.217332,720.6184,5.682943,10.677404
d_macro_actions,3,0,0,1,1,1,1,1,2,INF,0,INF,0,30.130551
d_macro_actions,3,1,0,0,0,1,3,1,3,INF,0,INF,0,30.861252
d_macro_actions,3,0,0,0,0,1,1,2,3,INF,0,INF,0,30.13666
d_macro_actions,2,1,0,1,2,0,0,1,1,809.4331,15.421895,809.4331,15.421895,15.42309
d_macro_actions,3,0,0,2,3,1,0,0,0,799.7538,7.105185,741.4298,9.167542,10.821673
d_macro_actions,1,0,0,0,0,2,5,0,0,958.3508,1.150258,866.6659,5.854214,10.45368
d_macro_actions,2,0,0,0,0,2,2,0,0,497.5861,0.227945,481.6136,0.363845,10.173868
d_macro_actions,1,0,0,1,2,1,2,0,0,821.9644,2.251374,821.9644,2.251374,10.733218
d_macro_actions,1,2,0,0,0,0,0,1,2,INF,0,INF,0,30.433697
d_macro_actions,1,2,0,0,0,0,0,0,0,567.5732,0.194127,515.8409,1.063429,10.489959
d_macro_actions,1,1,0,0,0,0,0,2,4,INF,0,INF,0,30.503146
d_macro_actions,1,0,0,1,0,1,1,0,0,722.7558,0.305792,675.7199,5.061971,10.547175
d_macro_actions,1,0,0,3,0,0,0,0,0,893.9307,1.942333,832.7307,2.626109,10.28005
d_macro_actions,1,0,0,0,0,3,3,0,0,1357.7502,3.261289,1316.6192,3.284964,10.284635
d_macro_actions,2,1,0,1,0,0,0,0,0,441.5817,0.465661,342.3493,4.959274,10.292438
d_macro_actions,1,1,0,1,0,1,3,0,0,1114.9651,1.466727,1002.5934,4.665513,10.265828
d_macro_actions,2,0,0,1,0,2,4,0,0,INF,0,INF,0,30.423979
d_macro_actions,1,0,0,2,1,0,0,1,2,INF,0,INF,0,30.172548
d_macro_actions,2,1,0,0,0,1,0,1,3,INF,0,INF,0,30.138849
d_macro_actions,1,0,0,0,0,3,1,0,0,INF,0,INF,0,30.591603
d_macro_actions,2,0,0,3,3,0,0,0,0,1049.4658,2.623749,969.0713,4.519303,10.215279
d_macro_actions,1,0,0,2,2,1,2,0,0,INF,0,INF,0,30.447098
d_macro_actions,3,0,0,0,0,1,0,2,2,INF,0,INF,0,30.841869
d_macro_actions,1,1,0,0,0,2,2,0,0,INF,0,INF,0,30.52496
d_macro_actions,1,0,0,1,2,1,1,1,3,INF,0,INF,0,30.279776
d_macro_actions,3,0,0,1,2,0,0,1,3,793.1627,3.155366,686.399,10.971559,11.069292
d_macro_actions,1,0,0,2,0,0,0,1,1,INF,0,INF,0,30.668529
d_macro_actions,2,1,0,0,0,1,3,1,1,INF,0,INF,0,30.479449
d_macro_actions,2,0,0,0,0,1,1,1,3,944.29,6.025924,887.9984,8.043939,10.202229
d_macro_actions,2,0,0,0,0,1,0,2,3,INF,0,INF,0,30.35157
d_macro_actions,2,0,0,0,0,0,0,2,3,891.6441,2.320784,882.2321,4.022645,10.446431
d_macro_actions,2,1,0,0,0,2,5,0,0,INF,0,INF,0,30.29626
d_macro_actions,2,0,0,1,0,1,3,1,3,1029.4333,4.13327,924.0504,10.187521,10.260462
d_macro_actions,3,0,0,1,1,1,2,1,2,INF,0,INF,0,30.324581
d_macro_actions,3,0,0,2,4,1,1,0,0,1028.8433,9.737955,993.0954,10.390935,10.967912
d_macro_actions,2,1,0,0,0,1,2,1,3,1020.2206,6.731118,1020.2206,6.731118,10.673856
d_macro_actions,2,1,0,1,1,0,0,1,3,908.9784,10.297664,859.9692,10.345576,10.614792
d_macro_actions,3,0,0,0,0,1,1,1,3,913.1533,1.850194,862.482,5.630938,11.008181
d_macro_actions,3,1,0,1,2,1,0,0,0,1004.9869,10.789126,1004.9869,10.789126,10.790493
d_macro_actions,2,0,0,2,1,0,0,1,3,837.0952,4.203907,805.2525,9.471914,10.887536
d_macro_actions,2,0,0,2,2,0,0,1,3,INF,0,INF,0,30.316476
d_macro_actions,2,0,0,0,0,0,0,3,5,971.2811,8.992409,971.2811,8.992409,10.169298
d_macro_actions,2,0,0,0,0,2,4,0,0,668.2212,4.01432,647.3318,4.127321,10.173191
d_macro_actions,2,0,0,0,0,1,2,1,1,INF,0,INF,0,30.513475
d_macro_actions,3,0,0,2,1,1,2,0,0,932.6536,7.217975,900.6646,10.883173,11.008775
d_macro_actions,2,0,0,2,2,1,0,0,0,716.4125,1.030256,663.8043,6.295546,10.328492
d_macro_actions,1,0,0,1,1,1,0,0,0,784.1894,0.281646,674.708,1.335276,10.362754
d_macro_actions,3,0,0,1,0,1,1,0,0,474.8345,0.951016,428.3229,9.281806,10.247838
d_macro_actions,3,0,0,1,0,2,4,0,0,1032.8207,10.608133,1032.8207,10.608133,10.610223
d_macro_actions,2,0,0,0,0,1,1,2,5,INF,0,INF,0,30.320985
d_macro_actions,3,0,0,1,0,2,5,0,0,INF,0,INF,0,30.90159
d_macro_actions,3,1,0,1,1,0,0,0,0,550.9861,0.413582,329.7099,8.086992,10.45977
d_macro_actions,3,0,0,2,3,0,0,1,3,INF,0,INF,0,30.557331
d_macro_actions,2,1,0,0,0,1,2,0,0,678.3225,0.309904,542.8661,9.059798,10.179844
d_macro_actions,1,0,0,2,0,0,0,1,2,INF,0,INF,0,30.405065
d_macro_actions,3,1,0,1,1,1,2,0,0,813.219,9.021329,719.0357,9.546334,10.140624
d_macro_actions,3,0,0,1,0,0,0,1,3,764.1144,10.988429,764.1144,10.988429,10.989617
d_macro_actions,3,0,0,3,5,0,0,0,0,INF,0,INF,0,30.54796
d_macro_actions,1,1,0,2,4,0,0,0,0,1101.7382,5.16155,1019.4059,7.413955,10.161246
d_macro_actions,3,0,0,0,0,1,1,2,4,INF,0,INF,0,31.166822
d_macro_actions,2,0,0,0,0,2,4,1,3,INF,0,INF,0,30.308168
d_macro_actions,3,0,0,1,2,1,2,0,0,681.3398,8.202271,672.7673,10.846352,10.883083
d_macro_actions,3,0,0,3,3,0,0,0,0,INF,0,INF,0,30.252027
d_macro_actions,2,2,0,0,0,0,0,1,1,659.8953,9.246704,647.9097,9.306941,10.665515
d_macro_actions,3,0,0,2,1,1,3,0,0,INF,0,INF,0,30.135946
d_macro_actions,3,1,0,0,0,2,3,0,0,INF,0,INF,0,30.995502
d_macro_actions,3,0,0,1,0,2,1,0,0,INF,0,INF,0,30.813464
d_macro_actions,3,0,0,0,0,3,5,0,0,1069.0521,5.834975,969.4009,10.103951,11.036053
d_macro_actions,1,0,0,1,1,2,5,0,0,INF,0,INF,0,30.36133
d_macro_actions,3,0,0,0,0,1,2,2,4,INF,0,INF,0,31.021761
d_macro_actions,2,0,0,0,0,1,3,1,3,822.3971,7.070214,749.3078,8.881038,10.964956
d_macro_actions,1,0,0,3,4,0,0,0,0,1106.567,4.185111,1002.1798,7.666612,10.389952
d_macro_actions,2,2,0,0,0,1,2,0,0,796.8567,2.021085,711.5916,9.220788,10.397773
d_macro_actions,3,0,0,2,0,1,3,0,0,967.1711,7.918441,870.5789,9.996743,10.210033
d_macro_actions,2,2,0,0,0,0,0,0,0,388.2287,0.537032,361.2978,1.088678,10.703866
d_macro_actions,3,0,0,0,0,2,2,1,1,INF,0,INF,0,30.583281
d_macro_actions,1,1,0,1,1,1,2,0,0,INF,0,INF,0,30.730774
d_macro_actions,3,0,0,0,0,2,5,1,3,INF,0,INF,0,30.998676
d_macro_actions,2,1,0,1,2,0,0,1,2,994.1623,10.221595,945.1531,10.258247,10.341448
d_macro_actions,3,0,0,1,0,0,0,2,3,INF,0,INF,0,30.817739
d_macro_actions,2,1,0,2,3,0,0,0,0,731.3164,6.096185,682.3072,6.135671,10.293814
d_macro_actions,1,0,0,2,1,0,0,0,0,632.8342,0.238058,548.1339,0.621532,10.554574
d_macro_actions,1,0,0,1,0,1,0,1,1,1063.1211,4.107857,1001.2737,7.763532,10.634917
d_macro_actions,3,0,0,2,1,0,0,0,0,593.0765,0.215295,433.0334,2.806004,10.406934
d_macro_actions,1,1,0,0,0,1,2,1,1,1115.2822,11.991628,1115.2822,11.991628,11.992668
d_macro_actions,1,0,0,0,0,1,0,2,4,INF,0,INF,0,30.945858
d_macro_actions,3,0,0,0,0,2,2,1,3,944.1566,5.126236,940.1067,8.145195,10.865084
d_macro_actions,1,2,0,0,0,0,0,1,3,1107.815,2.778279,1049.3345,6.530744,10.722332
d_macro_actions,2,0,0,1,0,2,3,0,0,INF,0,INF,0,30.250688
d_macro_actions,3,2,0,0,0,1,3,0,0,INF,0,INF,0,31.004483
d_macro_actions,1,0,0,0,0,1,2,2,4,INF,0,INF,0,30.314262
d_macro_actions,2,1,0,0,0,1,0,1,2,INF,0,INF,0,30.214829
d_macro_actions,2,0,0,1,0,0,0,0,0,213.0008,0.155773,176.1287,0.804319,11.06599
d_macro_actions,3,0,0,0,0,2,3,1,3,INF,0,INF,0,30.887071
d_macro_actions,1,1,0,2,2,0,0,0,0,1102.3264,24.946085,1102.3264,24.946085,24.946945
d_macro_actions,2,0,0,0,0,0,0,3,9,INF,0,INF,0,30.988628
d_macro_actions,3,0,0,0,0,0,0,2,2,587.2183,5.587564,534.9369,9.250232,10.838667
d_macro_actions,1,0,0,1,1,0,0,1,2,846.6572,1.828408,812.2423,5.306407,10.590697
d_macro_actions,3,0,0,0,0,1,3,2,2,1028.7741,6.533563,1014.3662,7.221493,10.753192
d_macro_actions,2,0,0,2,2,0,0,1,2,INF,0,INF,0,30.249867
d_macro_actions,3,0,0,2,3,0,0,1,2,972.9882,8.721052,958.7269,8.734808,10.967014
d_macro_actions,3,0,0,0,0,0,0,1,2,394.7491,3.104946,347.9211,4.08021,10.242434
d_macro_actions,3,0,0,1,0,0,0,0,0,269.4455,0.126731,186.5282,9.254859,10.746401
d_macro_actions,3,1,0,0,0,2,2,0,0,INF,0,INF,0,30.93099
d_macro_actions,1,0,0,2,0,1,2,0,0,INF,0,INF,0,30.367804
d_macro_actions,2,0,0,1,0,1,3,1,1,INF,0,INF,0,30.41726
d_macro_actions,2,0,0,1,1,1,0,1,3,INF,0,INF,0,30.296686
d_macro_actions,2,0,0,0,0,1,0,1,2,829.7708,6.409991,819.8994,6.419545,10.271752
d_macro_actions,2,0,0,0,0,1,1,1,2,661.8621,4.034417,620.5152,7.359838,10.21469
d_macro_actions,3,0,0,1,1,0,0,2,4,INF,0,INF,0,30.229422
d_macro_actions,1,0,0,1,0,0,0,0,0,329.2065,0.103278,288.0755,0.122675,10.626393
d_macro_actions,3,0,0,2,1,0,0,1,3,INF,0,INF,0,31.146591
d_macro_actions,3,0,0,1,0,0,0,2,4,INF,0,INF,0,30.954493
d_macro_actions,2,1,0,1,0,1,2,0,0,INF,0,INF,0,30.459476
d_macro_actions,1,0,0,2,1,1,0,0,0,1096.0968,1.637714,999.8078,3.989432,10.541336
d_macro_actions,2,0,0,0,0,2,1,1,1,INF,0,INF,0,30.294534
d_macro_actions,1,1,0,1,1,0,0,1,1,1127.9211,1.481064,1024.9233,2.179799,10.379813
d_macro_actions,2,0,0,2,1,1,1,0,0,INF,0,INF,0,30.199074
d_macro_actions,1,0,0,1,1,2,0,0,0,1019.627,3.454937,904.3267,6.843538,10.18373
d_macro_actions,2,0,0,1,0,1,2,1,2,INF,0,INF,0,30.394956
d_macro_actions,2,0,0,1,2,1,3,1,3,INF,0,INF,0,30.285577
d_macro_actions,1,2,0,1,2,0,0,0,0,969.8636,2.437552,945.2955,2.452705,10.452187
d_macro_actions,1,1,0,0,0,0,0,1,2,712.2793,0.652802,659.155,0.755573,10.843264
d_macro_actions,1,0,0,0,0,1,1,1,1,782.1981,1.054891,769.5452,1.246543,10.525928
d_macro_actions,1,0,0,1,0,1,2,1,3,INF,0,INF,0,30.571555
d_macro_actions,3,0,0,0,0,0,0,3,6,INF,0,INF,0,31.043364
d_macro_actions,3,0,0,2,1,0,0,1,1,813.3202,3.2851,763.311,6.585813,10.661295
d_macro_actions,2,0,0,0,0,2,0,1,3,INF,0,INF,0,30.286808
d_macro_actions,1,0,0,3,1,0,0,0,0,1008.6989,2.308637,900.0582,5.261785,10.509314
d_macro_actions,2,1,0,1,1,1,2,0,0,INF,0,INF,0,30.365523
d_macro_actions,1,0,0,2,1,1,2,0,0,1129.8647,21.343513,1129.8647,21.343513,21.344595
d_macro_actions,3,1,0,1,2,0,0,1,1,INF,0,INF,0,30.520844
d_macro_actions,1,1,0,1,0,0,0,0,0,583.158,0.200932,521.8906,0.725575,10.329462
d_macro_actions,2,0,0,1,0,0,0,2,3,1005.247,3.16239,916.0036,4.925711,10.224762
d_macro_actions,3,1,0,2,2,0,0,0,0,681.6113,0.725483,593.607,8.772874,10.174394
d_macro_actions,2,1,0,0,0,1,3,1,2,INF,0,INF,0,30.167402
d_macro_actions,2,0,0,0,0,1,1,1,1,532.6851,0.276035,510.7298,1.467129,10.425329
d_macro_actions,2,0,0,0,0,0,0,3,8,INF,0,INF,0,30.160284
d_macro_actions,1,0,0,0,0,2,1,1,2,INF,0,INF,0,30.325642
d_macro_actions,3,0,0,2,3,1,2,0,0,INF,0,INF,0,30.845942
d_macro_actions,1,0,0,0,0,3,2,0,0,1149.7864,8.121403,1096.6621,8.479341,10.330748
d_macro_actions,1,0,0,1,2,2,5,0,0,INF,0,INF,0,30.403112
d_macro_actions,2,0,0,1,2,1,1,0,0,550.4988,0.211687,542.5694,0.2389,10.205545
d_macro_actions,3,0,0,0,0,2,4,0,0,750.3579,2.22033,725.9305,8.09576,11.059728
d_macro_actions,3,0,0,3,2,0,0,0,0,INF,0,INF,0,31.105319
d_macro_actions,3,0,0,0,0,2,4,1,3,INF,0,INF,0,31.157485
d_macro_actions,1,0,0,0,0,0,0,2,3,931.7031,17.377012,931.7031,17.377012,17.377986
d_macro_actions,2,0,0,2,2,1,2,0,0,1071.3225,1.487893,936.6589,8.941978,10.422116
d_macro_actions,1,0,0,0,0,0,0,3,6,INF,0,INF,0,30.633444
d_macro_actions,1,0,0,1,0,0,0,2,6,INF,0,INF,0,30.529168
d_macro_actions,2,1,0,0,0,1,1,0,0,401.1809,1.933632,401.1809,1.933632,10.302334
d_macro_actions,2,1,0,0,0,1,3,1,3,INF,0,INF,0,30.54771
d_macro_actions,3,0,0,0,0,0,0,3,7,INF,0,INF,0,30.994899
d_macro_actions,3,0,0,1,2,1,2,1,1,INF,0,INF,0,31.028552
d_macro_actions,2,2,0,0,0,1,1,0,0,832.2081,8.924485,796.4728,9.826969,10.163106
d_macro_actions,3,1,0,0,0,0,0,1,1,470.4033,2.593512,447.7822,3.255351,10.953369
d_macro_actions,2,0,0,1,1,1,3,0,0,824.6758,1.951745,753.3882,3.962425,10.712986
d_macro_actions,1,0,0,0,0,1,0,1,1,889.3821,0.411411,740.4083,4.152113,10.610527
d_macro_actions,2,0,0,1,2,0,0,1,1,536.9737,0.605936,536.9737,0.605936,10.343809
d_macro_actions,3,0,0,1,2,0,0,2,4,INF,0,INF,0,30.161518
d_macro_actions,2,0,0,0,0,2,5,0,0,860.7864,5.432461,794.9808,7.802424,10.513541
d_macro_actions,1,0,0,1,2,2,3,0,0,1313.1601,28.224144,1313.1601,28.224144,28.225269
d_macro_actions,2,2,0,1,2,0,0,0,0,751.5301,1.623658,718.7866,8.206405,10.474278
d_macro_actions,2,0,0,1,1,2,3,0,0,1066.0599,12.164087,1066.0599,12.164087,12.165841
d_macro_actions,2,0,0,0,0,2,1,1,3,INF,0,INF,0,30.984917
d_macro_actions,1,0,0,0,0,2,2,1,2,INF,0,INF,0,30.508862
d_macro_actions,1,0,0,0,0,1,2,1,2,974.8901,1.519267,951.2816,4.999972,10.242876
d_macro_actions,3,1,0,0,0,2,1,0,0,INF,0,INF,0,31.035911
d_macro_actions,1,0,0,2,2,0,0,1,3,INF,0,INF,0,30.637467
d_macro_actions,3,0,0,2,0,1,1,0,0,INF,0,INF,0,30.983642
d_macro_actions,1,0,0,0,0,0,0,3,5,INF,0,INF,0,30.599105
d_macro_actions,2,0,0,2,0,0,0,0,0,482.3758,0.604586,414.5193,8.955863,10.209063
d_macro_actions,1,0,0,1,0,0,0,1,3,926.3619,2.153711,748.2381,6.838884,10.723257
d_macro_actions,1,0,0,1,0,0,0,1,2,875.7207,3.183773,774.6535,7.051065,10.559377
d_macro_actions,1,0,0,1,1,1,2,0,0,947.5626,1.37741,789.1911,2.64393,10.660364
d_macro_actions,3,0,0,1,1,0,0,2,5,INF,0,INF,0,30.896289
d_macro_actions,3,0,0,0,0,0,0,2,5,818.8105,3.377196,747.7177,10.208223,11.111581
d_macro_actions,3,0,0,0,0,1,3,2,4,INF,0,INF,0,30.554207
d_macro_actions,1,1,0,0,0,2,4,0,0,1179.6051,26.536602,1179.6051,26.536602,26.537595
d_macro_actions,1,1,0,1,1,1,1,0,0,1012.7739,0.655625,925.8153,0.801615,10.621359
d_macro_actions,1,0,0,1,1,2,3,0,0,INF,0,INF,0,30.596747
d_macro_actions,2,1,0,1,0,1,3,0,0,INF,0,INF,0,30.195197
d_macro_actions,1,0,0,0,0,1,0,2,3,INF,0,INF,0,30.589629
d_macro_actions,2,0,0,1,0,1,1,1,3,921.8463,10.427888,921.8463,10.427888,10.430202
d_macro_actions,1,0,0,1,1,0,0,2,3,INF,0,INF,0,31.052666
d_macro_actions,1,0,0,1,1,0,0,0,0,330.5237,0.085151,271.7479,0.353427,10.254858
d_macro_actions,1,2,0,0,0,1,3,0,0,1048.5796,2.918784,956.4103,3.517001,10.873023
d_macro_actions,2,1,0,1,0,0,0,1,3,INF,0,INF,0,30.319822
d_macro_actions,3,0,0,0,0,0,0,1,1,307.3293,0.407435,291.9767,0.993031,11.063025
d_macro_actions,1,1,0,0,0,1,1,1,3,INF,0,INF,0,30.376997
d_macro_actions,2,0,0,0,0,2,4,1,1,1096.6595,9.562496,1096.6595,9.562496,10.384131
d_macro_actions,1,1,0,1,1,0,0,0,0,589.8125,0.123523,547.8695,0.869282,10.884528
d_macro_actions,3,0,0,1,0,0,0,2,5,INF,0,INF,0,30.782665
d_macro_actions,2,1,0,0,0,0,0,1,1,539.6133,0.309712,481.7741,7.113839,10.414652
d_macro_actions,1,2,0,0,0,0,0,1,1,INF,0,INF,0,30.486345
d_macro_actions,3,0,0,0,0,1,2,0,0,492.3372,1.141141,375.297,5.520685,10.937832
d_macro_actions,1,1,0,0,0,2,3,0,0,1074.2896,3.499356,1008.5124,4.895753,10.508489
d_macro_actions,3,1,0,0,0,0,0,0,0,206.4666,0.133316,206.4666,0.133316,11.028302
d_macro_actions,2,2,0,0,0,1,0,0,0,649.3495,4.653775,577.8617,8.159468,10.173692
d_macro_actions,1,3,0,0,0,0,0,0,0,777.2292,1.086066,730.6346,2.191601,10.579887
d_macro_actions,3,0,0,0,0,2,3,1,2,INF,0,INF,0,31.081187
d_macro_actions,3,1,0,0,0,1,1,0,0,545.784,1.773063,441.3232,9.662094,10.185574
d_macro_actions,3,0,0,1,1,1,3,0,0,831.5013,1.5198,697.6496,4.737363,11.07187
d_macro_actions,3,1,0,2,1,0,0,0,0,INF,0,INF,0,30.88487
d_macro_actions,2,0,0,0,0,1,1,2,2,INF,0,INF,0,31.067734
d_macro_actions,1,1,0,0,0,1,3,0,0,807.2914,0.784379,760.6968,1.058438,10.515789
d_macro_actions,2,1,0,0,0,1,1,1,1,INF,0,INF,0,30.309177
d_macro_actions,3,0,0,1,1,1,2,1,3,1185.0903,10.384121,1185.0903,10.384121,10.386489
d_macro_actions,3,1,0,1,0,0,0,1,2,INF,0,INF,0,31.09039
d_macro_actions,2,1,0,0,0,0,0,2,3,INF,0,INF,0,30.176898
d_macro_actions,1,0,0,0,0,2,3,0,0,845.7178,0.566148,827.618,3.072699,10.663282
d_macro_actions,3,1,0,1,0,1,2,0,0,INF,0,INF,0,30.359881
d_macro_actions,1,0,0,0,0,1,0,2,2,INF,0,INF,0,30.306396
d_macro_actions,3,2,0,0,0,1,1,0,0,INF,0,INF,0,30.23647
d_macro_actions,3,1,0,0,0,0,0,2,2,INF,0,INF,0,31.107975
d_macro_actions,1,0,0,2,0,0,0,1,3,INF,0,INF,0,30.311509
d_macro_actions,3,0,0,2,4,1,0,0,0,INF,0,INF,0,30.30362
d_macro_actions,2,1,0,0,0,0,0,0,0,242.9012,0.100931,186.5282,0.871236,10.479227
d_macro_actions,2,0,0,3,2,0,0,0,0,858.6315,4.037987,812.5227,4.406325,10.381347
d_macro_actions,3,0,0,0,0,3,6,0,0,1094.2811,13.164586,1094.2811,13.164586,13.166282
d_macro_actions,2,1,0,1,2,0,0,0,0,605.1209,0.682473,511.137,4.948572,10.946291
d_macro_actions,3,0,0,3,1,0,0,0,0,700.6166,5.163101,675.3706,7.836919,11.144296
d_macro_actions,1,1,0,0,0,0,0,2,5,INF,0,INF,0,30.51892
d_macro_actions,1,0,0,2,2,0,0,0,0,714.2058,0.26159,649.3432,2.77165,10.61897
d_macro_actions,2,1,0,0,0,0,0,2,6,INF,0,INF,0,30.322653
d_macro_actions,3,1,0,1,2,1,2,0,0,INF,0,INF,0,30.142436
d_macro_actions,2,0,0,3,4,0,0,0,0,823.1216,0.883446,773.9231,8.789371,10.111758
d_macro_actions,1,0,0,1,0,1,0,1,3,INF,0,INF,0,30.58724
d_macro_actions,1,0,0,0,0,0,0,3,8,INF,0,INF,0,30.522695
d_macro_actions,3,1,0,0,0,0,0,1,3,688.9661,8.424379,687.1316,10.197585,11.069849
d_macro_actions,3,0,0,1,2,1,2,1,3,INF,0,INF,0,31.138393
d_macro_actions,1,0,0,0,0,1,2,1,3,1128.8661,1.913841,1015.7257,3.244439,10.273615
d_macro_actions,3,0,0,2,2,0,0,0,0,478.0732,0.364118,476.9264,9.370584,10.199698
d_macro_actions,3,2,0,0,0,0,0,0,0,437.4318,1.310292,363.1842,1.616358,10.6114
d_macro_actions,1,1,0,1,1,0,0,1,3,1151.574,17.119872,1151.574,17.119872,17.120811
d_macro_actions,1,0,0,1,2,1,2,1,2,INF,0,INF,0,30.894888
d_macro_actions,3,0,0,0,0,1,3,2,5,INF,0,INF,0,30.212375
d_macro_actions,3,0,0,0,0,2,1,1,3,INF,0,INF,0,30.962723
d_macro_actions,1,0,0,2,3,1,2,0,0,INF,0,INF,0,30.372028
d_macro_actions,3,0,0,1,0,1,2,1,3,INF,0,INF,0,30.795079
d_macro_actions,1,1,0,0,0,1,3,1,1,1159.3185,3.623042,1100.071,6.575513,10.646367
d_macro_actions,3,0,0,0,0,1,0,1,1,718.4596,1.138024,675.2067,3.131489,10.233564
d_macro_actions,1,1,0,1,0,0,0,1,3,1129.9611,6.046569,1129.9611,6.046569,10.567044
d_macro_actions,2,0,0,2,3,1,1,0,0,952.4557,18.900137,952.4557,18.900137,18.901135
d_macro_actions,1,0,0,0,0,0,0,2,4,1028.7787,1.929225,973.7179,5.929031,10.886909
d_macro_actions,1,0,0,0,0,0,0,2,5,1038.9652,4.887302,905.3605,7.750662,10.454542
d_macro_actions,1,0,0,1,2,0,0,2,4,INF,0,INF,0,30.223352
d_macro_actions,1,0,0,2,0,0,0,0,0,634.6038,0.291109,567.8047,4.854297,10.416859
d_macro_actions,1,0,0,1,0,1,3,0,0,INF,0,INF,0,30.340002
d_macro_actions,3,0,0,1,0,1,2,1,1,1004.4508,6.966696,958.342,7.758156,10.322756
d_macro_actions,2,0,0,0,0,3,2,0,0,INF,0,INF,0,30.2415
d_macro_actions,3,0,0,1,2,1,1,1,1,INF,0,INF,0,31.006665
d_macro_actions,3,1,0,0,0,1,0,1,1,INF,0,INF,0,30.867101
d_macro_actions,3,0,0,0,0,1,3,0,0,508.8355,1.154493,442.3687,9.718167,10.388442
d_macro_actions,2,2,0,0,0,1,3,0,0,INF,0,INF,0,30.122453
d_macro_actions,3,1,0,1,0,0,0,1,3,INF,0,INF,0,31.046638
d_macro_actions,3,0,0,0,0,1,2,1,3,799.3393,6.792753,786.078,7.916425,10.930522
d_macro_actions,2,1,0,0,0,1,2,1,1,INF,0,INF,0,30.313092
d_macro_actions,2,0,0,0,0,1,2,1,3,884.4879,7.274649,823.3023,7.672181,10.647184
d_macro_actions,3,1,0,0,0,0,0,2,5,INF,0,INF,0,30.111628
d_macro_actions,1,0,0,1,0,2,2,0,0,1060.8655,5.51291,1025.4122,8.600382,10.249576
d_macro_actions,3,0,0,0,0,1,1,2,6,INF,0,INF,0,30.760984
d_macro_actions,1,0,0,1,0,2,3,0,0,1263.882,29.580756,1263.882,29.580756,29.581713
d_macro_actions,1,1,0,1,1,1,0,0,0,922.2276,0.756868,883.8091,5.837976,10.686322
d_macro_actions,2,0,0,0,0,0,0,3,6,INF,0,INF,0,30.514641
d_macro_actions,2,1,0,1,2,0,0,1,3,INF,0,INF,0,30.38575
d_macro_actions,1,0,0,0,0,0,0,2,6,INF,0,INF,0,30.518311
d_macro_actions,3,0,0,1,0,1,0,1,3,INF,0,INF,0,30.131864
d_macro_actions,3,0,0,2,2,0,0,1,3,INF,0,INF,0,30.268724
d_macro_actions,3,1,0,1,0,1,1,0,0,671.7264,8.185015,671.7264,8.185015,10.247587
d_macro_actions,1,0,0,0,0,2,4,1,2,INF,0,INF,0,30.628031
d_macro_actions,3,1,0,0,0,1,3,0,0,587.3566,4.517223,579.7215,8.022655,10.330944
d_macro_actions,1,0,0,3,2,0,0,0,0,1057.6626,15.820913,1057.6626,15.820913,15.821828
d_macro_actions,1,0,0,2,3,0,0,1,2,1314.1503,20.7862,1314.1503,20.7862,20.788434
d_macro_actions,3,0,0,0,0,2,5,0,0,967.1787,5.390217,909.1202,11.038506,11.048638
d_macro_actions,3,2,0,0,0,1,2,0,0,752.0702,6.700608,678.8226,8.487679,10.135712
d_macro_actions,2,1,0,1,0,1,0,0,0,723.875,5.972219,650.6274,6.661145,10.426582
d_macro_actions,2,0,0,1,0,0,0,1,1,479.7274,0.669775,459.989,6.153104,10.1267
d_macro_actions,3,0,0,0,0,0,0,1,3,396.1367,0.735989,338.7694,5.861858,10.161245
d_macro_actions,1,1,0,0,0,1,2,1,3,1345.1341,9.865779,1272.0259,9.898533,10.425357
d_macro_actions,3,0,0,0,0,1,2,2,6,INF,0,INF,0,30.84491
d_macro_actions,1,0,0,0,0,2,4,1,1,INF,0,INF,0,30.42979
d_macro_actions,2,0,0,2,2,0,0,0,0,662.023,3.736115,530.3393,8.590225,10.560035
d_macro_actions,2,0,0,3,5,0,0,0,0,INF,0,INF,0,30.233446
d_macro_actions,2,0,0,0,0,2,2,1,3,950.9283,3.964765,860.8493,10.590424,11.027774
d_macro_actions,2,0,0,0,0,1,0,2,6,INF,0,INF,0,30.220594
d_macro_actions,3,0,0,2,4,0,0,1,3,INF,0,INF,0,30.167317
d_macro_actions,1,0,0,2,3,1,1,0,0,1115.0347,18.620963,1115.0347,18.620963,18.621903
d_macro_actions,2,0,0,1,2,1,2,1,1,INF,0,INF,0,30.144077
d_macro_actions,1,0,0,0,0,0,0,3,7,INF,0,INF,0,30.592764
d_macro_actions,2,0,0,1,1,0,0,0,0,281.7245,0.124997,196.5282,6.029038,10.110268
d_macro_actions,2,0,0,1,0,0,0,1,3,622.4874,1.866175,613.6549,8.404204,10.337563
d_macro_actions,1,0,0,1,1,1,3,1,2,INF,0,INF,0,30.56425
d_macro_actions,3,0,0,1,2,1,3,0,0,712.5441,2.758632,681.8074,3.605447,11.048318
d_macro_actions,2,2,0,0,0,0,0,1,3,794.4792,5.707263,745.7616,10.249203,10.415905
d_macro_actions,2,0,0,1,0,0,0,1,2,606.7058,2.694777,571.2257,6.648399,10.335574
d_macro_actions,3,0,0,0,0,2,3,1,1,INF,0,INF,0,30.318904
d_macro_actions,1,0,0,0,0,1,0,0,0,376.4399,0.141789,335.3089,0.239628,10.78387
d_macro_actions,2,0,0,3,1,0,0,0,0,905.542,1.209383,821.1581,4.956831,10.237341
d_macro_actions,2,0,0,2,1,1,2,0,0,INF,0,INF,0,30.323616
d_macro_actions,1,0,0,0,0,1,2,2,5,INF,0,INF,0,30.18768
d_macro_actions,2,0,0,1,2,2,2,0,0,998.607,5.899234,997.607,7.362554,10.194739
d_macro_actions,3,0,0,1,1,2,3,0,0,INF,0,INF,0,30.792776
d_macro_actions,2,1,0,0,0,2,4,0,0,INF,0,INF,0,30.353997
d_macro_actions,3,1,0,0,0,2,5,0,0,INF,0,INF,0,30.212991
d_macro_actions,1,1,0,0,0,1,1,1,2,INF,0,INF,0,30.459146
d_macro_actions,3,0,0,2,1,0,0,1,2,971.7264,10.850709,971.7264,10.850709,11.085723
d_macro_actions,3,0,0,1,0,2,2,0,0,INF,0,INF,0,30.187421
d_macro_actions,3,1,0,1,2,0,0,0,0,615.8215,1.329121,507.2676,5.059538,10.168495
d_macro_actions,3,1,0,0,0,1,0,1,2,INF,0,INF,0,30.18966
d_macro_actions,1,0,0,2,2,1,1,0,0,1175.489,18.757444,1175.489,18.757444,18.758358
d_macro_actions,3,2,0,0,0,0,0,1,3,INF,0,INF,0,30.900796
d_macro_actions,3,1,0,0,0,1,2,1,2,INF,0,INF,0,31.11619
d_macro_actions,3,0,0,0,0,1,1,1,1,782.7105,3.46987,752.7734,10.50887,10.975848
d_macro_actions,3,0,0,0,0,1,1,2,5,INF,0,INF,0,31.068317
d_macro_actions,2,3,0,0,0,0,0,0,0,588.5716,4.593144,500.9831,10.143125,10.433834
d_macro_actions,3,0,0,1,1,2,2,0,0,INF,0,INF,0,30.516321
d_macro_actions,3,0,0,0,0,1,0,1,3,718.6171,3.517416,715.3061,7.682802,11.113597
d_macro_actions,2,0,0,2,1,0,0,0,0,590.8423,0.294024,430.7992,1.634975,10.552769
d_macro_actions,2,1,0,0,0,2,1,0,0,736.4591,1.900692,672.7305,10.005399,10.226276
d_macro_actions,2,0,0,1,0,0,0,2,4,922.5708,16.641395,922.5708,16.641395,16.642601
d_macro_actions,3,0,0,1,2,0,0,0,0,478.7213,2.045971,269.8949,6.15982,10.383151
d_macro_actions,3,0,0,0,0,1,0,0,0,286.8271,0.168686,210.4897,3.289941,10.299752
d_macro_actions,3,0,0,0,0,2,3,0,0,694.5239,5.494584,678.839,6.362425,10.161654
d_macro_actions,3,0,0,1,1,0,0,1,3,829.2449,3.400965,825.6762,10.774763,11.067141
d_macro_actions,3,0,0,0,0,1,3,1,2,INF,0,INF,0,30.954752
d_macro_actions,1,0,0,2,1,0,0,1,3,INF,0,INF,0,31.075783
d_macro_actions,1,0,0,0,0,1,3,1,3,INF,0,INF,0,30.421937
d_macro_actions,2,0,0,0,0,0,0,2,4,INF,0,INF,0,30.343851
d_macro_actions,1,1,0,0,0,0,0,2,2,INF,0,INF,0,30.339285
d_macro_actions,2,1,0,2,2,0,0,0,0,708.1349,5.22849,634.8873,6.320218,10.630521
d_macro_actions,3,1,0,0,0,1,0,1,3,INF,0,INF,0,30.235505
d_macro_actions,2,0,0,0,0,0,0,2,6,INF,0,INF,0,31.131281
